0C004B00,0C00D880,0C00DAF8,0C011320,time
01,02,03,04,18.11.22
01,02,03,04,18.11.23
01,02,03,04,18.11.23
01,02,03,04,18.11.23
01,02,03,04,18.11.23
01,02,03,04,18.11.23
01,02,03,04,18.11.23
01,02,03,04,18.11.23
01,02,03,04,18.11.23
01,02,03,04,18.11.23
01,02,03,04,18.11.23
01,02,03,04,18.11.23
01,02,03,04,18.11.23
01,02,03,04,18.11.23
01,02,03,04,18.11.23
01,02,03,04,18.11.23
01,02,03,04,18.11.23
01,02,03,04,18.11.23
01,02,03,04,18.11.23
01,02,03,04,18.11.23
01,02,03,04,18.11.23
01,02,03,04,18.11.23
01,02,03,04,18.11.23
01,02,03,04,18.11.23
01,02,03,04,18.11.23
01,02,03,04,18.11.23
01,02,03,04,18.11.23
01,02,03,04,18.11.23
01,02,03,04,18.11.24
01,02,03,04,18.11.24
01,02,03,04,18.11.24
01,02,03,04,18.11.24
01,02,03,04,18.11.24
01,02,03,04,18.11.24
01,02,03,04,18.11.24
01,02,03,04,18.11.24
01,02,03,04,18.11.24
01,02,03,04,18.11.24
01,02,03,04,18.11.24
01,02,03,04,18.11.24
01,02,03,04,18.11.24
01,02,03,04,18.11.24
01,02,03,04,18.11.24
01,02,03,04,18.11.24
01,02,03,04,18.11.24
01,02,03,04,18.11.24
01,02,03,04,18.11.24
01,02,03,04,18.11.24
